{
  "resources": [
    {
      "name": "gemeenschappelijke_regelingen",
      "path": "gemeenschappelijke_regelingen.csv",
      "format": "csv",
      "mediatype": "text/csv",
      "bytes": 30845,
      "schema": {
        "fields": [
          {
            "name": "DSTA_GR_naam",
            "type": "string",
            "description": ""
          },
          {
            "name": "Adres",
            "type": "string",
            "description": ""
          },
          {
            "name": "Postcode",
            "type": "string",
            "description": ""
          },
          {
            "name": "Plaats",
            "type": "string",
            "description": ""
          },
          {
            "name": "CBS_GR_naam",
            "type": "number",
            "description": ""
          },
          {
            "name": "CBS_GR_code",
            "type": "number",
            "description": ""
          }
        ]
      }
    }
  ],
  "name": "partial",
  "title": "",
  "description": "Gemeenschappelijke regelingen, samenwerkingsverbanden tussen overheden, zijn er in veel soorten en maten. Van afvalverwerking en werkvoorziening tot het beheren van lantaarnpalen. Volksvertegenwoordigers klagen over gebrek aan controle en transparantie op deze regelingen. Met <a href=\"http://www.openstate.eu/nl/opengr/\" target=\"_blank\">OpenGR</a> openen we deze blackbox. Meer informatie over achtergrond van dit project vind je <a href=\"http://openstate.eu/nl/2016/03/english-open-state-opent-blackbox-gemeenschappelijke-regelingen/\" target=\"_blank\">hier</a>",
  "homepage": "",
  "version": "0.1.0",
  "license": "ODC-PDDL-1.0"
}